model,rmse,mae,rmse_naive,mae_naive,n_predictions
"ARIMA(0, 0, 1)",32.62004551138918,21.92497497702898,32.8049668255978,22.044185714285724,2100
