model,rmse,mae,rmse_naive,mae_naive,n_predictions
"ARIMA(0, 0, 1)",32.620045511392895,21.9249749770316,32.8049668255978,22.044185714285724,2100
