Feature,Importance (%)
SMA20_LAGGED,100.77648363838048
VOLATILITY_LAGGED,40.238491403216855
GOLD_LOG_RETURN,18.358291735995564
RSI_LAGGED,-5.352190793122573
GPRD_LAGGED,-54.02107598447032
